id,revenue
3001,13.610712860865165
3002,14.616444117250817
3003,15.992044005813757
3004,14.670037752949291
3005,13.164306978802431
3006,14.9070064222498
3007,14.59944973895804
3008,17.63655150448058
3009,16.73890784332669
3010,19.184574785626413
3011,12.34652841248847
3012,13.841287550998423
3013,16.995343008680326
3014,11.353830126918613
3015,16.84496163871009
3016,10.915481638117672
3017,18.013259448271686
3018,18.99468560931602
3019,16.62090285131764
3020,20.487863773663424
3021,18.120001761477443
3022,16.9398724440657
3023,13.64572321639561
3024,17.384919165743256
3025,13.171789247100548
3026,18.673701629075453
3027,14.99127467424563
3028,17.91180461992008
3029,11.77837031914656
3030,17.759628297291826
3031,16.22418575159607
3032,15.02612068378598
3033,2.7342321628597674
3034,12.066712194772071
3035,15.490531303285913
3036,15.428428202928195
3037,17.203629996532186
3038,16.34948583732091
3039,14.98465437247697
3040,13.775910871239686
3041,16.283521082115968
3042,14.858783163974955
3043,15.145188174232512
3044,14.671238736000833
3045,19.776963012133013
3046,14.977409696102937
3047,17.646601596246867
3048,16.324810802711323
3049,15.99815549988139
3050,17.331014940927673
3051,2.581574637248048
3052,16.253398565056422
3053,13.16775631258226
3054,13.163060396345358
3055,17.70595208170399
3056,12.367032414619569
3057,17.929971231568334
3058,19.91648273215381
3059,14.59261342138673
3060,18.302800430387382
3061,17.58942368557947
3062,16.379851076300064
3063,17.483905542977038
3064,18.043273309316994
3065,17.32371679807693
3066,18.410299390307372
3067,15.685233702473472
3068,17.586187726309547
3069,19.257656243707697
3070,13.808013670914956
3071,15.459901505707155
3072,20.2575728862139
3073,14.42269431318605
3074,14.043286806920218
3075,17.33548710127613
3076,18.66124296324702
3077,16.225067109334976
3078,18.150785865790183
3079,17.31276881447982
3080,18.130253778178652
3081,17.529201286769855
3082,16.490715776006084
3083,15.766533770451241
3084,2.04433408230683
3085,15.405650460184207
3086,18.012570740844215
3087,11.607000222576103
3088,12.17607537470377
3089,12.508678487151009
3090,16.633942753640678
3091,16.347809373887983
3092,16.703201133002057
3093,19.249662880591995
3094,18.444240078973472
3095,17.503408094730332
3096,13.644269884083576
3097,20.462989354516445
3098,15.39715918680345
3099,17.87330853285856
3100,15.563546321223846
3101,15.637357002543672
3102,13.779535962073144
3103,14.739831543903458
3104,14.80956393444962
3105,18.072109863075056
3106,17.53811767284045
3107,17.422326619383057
3108,14.565826153348725
3109,15.94814507365264
3110,19.918852238874038
3111,15.047130763969237
3112,13.491437948834871
3113,15.603454911238103
3114,17.29504356373677
3115,17.01647418091387
3116,15.159836845021962
3117,12.295674869009233
3118,15.300039291290808
3119,19.18564756624097
3120,18.431891376837328
3121,15.540524142736283
3122,15.833796608920993
3123,14.835628895830132
3124,14.353963750677352
3125,12.89943982628138
3126,17.240348207925063
3127,16.09870378634816
3128,17.35328626068965
3129,18.76132264321669
3130,16.477589664261068
3131,15.090948177249578
3132,15.470459696693469
3133,14.277257664381654
3134,15.926441226014742
3135,14.94871259686177
3136,15.024353664560106
3137,18.02238127513015
3138,13.548669872076625
3139,17.322917828299747
3140,17.9418021469623
3141,15.959971941561514
3142,14.90642072347975
3143,18.416527604346804
3144,16.270924361832584
3145,17.085025606508722
3146,13.760525009598972
3147,15.377517766046816
3148,14.969332060641646
3149,17.094011316674706
3150,17.79302009443544
3151,15.919267947432942
3152,16.673807483344266
3153,14.47347389033759
3154,15.392881229888282
3155,16.406909158471393
3156,15.235344097028301
3157,16.48829667017138
3158,18.321015241592903
3159,15.32835752305988
3160,16.5576736553261
3161,14.425903008121127
3162,15.346347519969692
3163,17.439369192474302
3164,14.60562173566425
3165,12.50795483868244
3166,14.017912371306993
3167,17.793720117534605
3168,13.896110106701196
3169,17.129151295338158
3170,13.836027297343232
3171,17.922286398738628
3172,17.42526880350139
3173,12.921990626894342
3174,13.214572451368035
3175,15.764530325053379
3176,15.49111108833766
3177,17.417335347045945
3178,14.607660666543289
3179,15.755215562089418
3180,14.00136014452264
3181,13.229430052418047
3182,18.978820009515164
3183,16.395954475593825
3184,17.46455060248583
3185,17.085604843670595
3186,17.16967979263748
3187,16.407384185637433
3188,15.700668750924127
3189,17.733373245655013
3190,17.24762349109626
3191,16.539300366647893
3192,13.710717778631768
3193,19.079694458184914
3194,18.08732149041593
3195,13.156240289118152
3196,16.085814708991833
3197,15.975943225742647
3198,18.634154734059038
3199,19.134713946205494
3200,15.691479674970017
3201,14.641930133703573
3202,14.692356596383256
3203,14.81616607590754
3204,15.17121181096224
3205,14.423308862190249
3206,16.99356538796901
3207,17.870657843036096
3208,16.167538515680334
3209,15.100460383591
3210,20.130056841043782
3211,13.482218657909772
3212,17.673982432443168
3213,17.447270855476667
3214,15.385463200129177
3215,14.927445159990464
3216,15.074449409498108
3217,19.569509134854666
3218,14.48902646107113
3219,12.925149407765662
3220,18.629524241586704
3221,15.570039645484696
3222,12.330052059577397
3223,17.191787754005716
3224,2.2412463437789225
3225,14.661453963075855
3226,13.640363482924258
3227,17.842578531134738
3228,18.2198226101018
3229,18.241344986100565
3230,16.891658878230338
3231,17.235214419948175
3232,17.60080377957478
3233,15.161810050326487
3234,14.925805050770238
3235,16.591091022313588
3236,11.799211884690667
3237,16.566257843201246
3238,15.129463630588873
3239,11.425679929942378
3240,19.416710328699864
3241,14.104732726056422
3242,15.301603944850601
3243,14.963864040312624
3244,14.57599233967684
3245,14.824477069182178
3246,17.050597007676025
3247,16.263263271068098
3248,17.43989598166048
3249,16.438321419873585
3250,19.501977760431444
3251,13.69929574271696
3252,16.170080774894426
3253,18.044180827035344
3254,15.282112182239976
3255,11.49090620288015
3256,16.78868097184296
3257,15.721507156218339
3258,17.491861457914464
3259,16.803066719512582
3260,13.953781863270416
3261,20.018719910705617
3262,17.36322142730894
3263,12.293931083406669
3264,14.307425929004612
3265,12.305285989482474
3266,12.438824140241755
3267,16.25281750942415
3268,12.10839597735274
3269,16.59731855952797
3270,18.544310144862422
3271,14.977523159063244
3272,15.860833551439468
3273,14.874197618180363
3274,19.728854815694113
3275,16.150306381197762
3276,14.193713218867943
3277,15.79740647172145
3278,18.23642972498757
3279,17.088622621342747
3280,19.628802116298456
3281,14.035122888911646
3282,14.556416167457293
3283,19.78256580031708
3284,16.08979424666564
3285,18.185128296448283
3286,13.558475418559967
3287,16.582761132737744
3288,16.471177127587314
3289,17.234240056428668
3290,17.94594264021357
3291,16.31717001525016
3292,19.38053495340193
3293,17.591997371803995
3294,13.518862865345444
3295,15.651342796045867
3296,14.356105916274446
3297,14.584749414487955
3298,17.765424543881934
3299,15.014066896170824
3300,16.600344085247656
3301,13.382512458629549
3302,14.986825213040374
3303,14.56364653553035
3304,15.84348817766516
3305,17.435231907408685
3306,12.71017890927031
3307,16.79811187230824
3308,15.842382008880628
3309,13.730324554330396
3310,13.952544847955528
3311,13.803988617631065
3312,15.501119637659972
3313,17.881386944521886
3314,16.913137939097695
3315,18.064433822316463
3316,15.67640857753527
3317,14.848333526089602
3318,12.70224308412519
3319,15.31119540651159
3320,16.899955051792887
3321,14.318741237870235
3322,15.708662905560889
3323,18.065681930587424
3324,14.916092444762665
3325,18.31625802990289
3326,18.60013295718068
3327,18.091468435080518
3328,15.430516880179757
3329,15.764697537429837
3330,18.89873420873832
3331,14.542431965959818
3332,16.55935737223171
3333,18.63984930586587
3334,15.44532611574113
3335,17.631370639211454
3336,15.76737325192348
3337,11.96381795895294
3338,16.313067788914374
3339,14.22108952521418
3340,17.90435235828423
3341,16.75962103684779
3342,16.365092355632292
3343,17.771605331794266
3344,13.033148182734037
3345,16.281311862734967
3346,15.653451365082486
3347,12.219660942038038
3348,15.852218809244937
3349,18.015063620396948
3350,18.737944066348888
3351,17.11788098525914
3352,12.299592160215028
3353,18.431101168996783
3354,13.735100504454838
3355,15.239631583635667
3356,15.56339490804532
3357,13.79967427421251
3358,16.8518795357107
3359,15.321185745111043
3360,15.608194287703553
3361,18.695492507756356
3362,14.970282530418219
3363,15.447619966041875
3364,16.535157926496158
3365,13.157353876765498
3366,18.0576600730833
3367,18.57466329043746
3368,14.495346209660156
3369,17.057016207266447
3370,18.041359638192638
3371,17.65158472240264
3372,17.00220116458244
3373,17.65617713417151
3374,15.50159486972219
3375,17.769323822741825
3376,16.393550888099515
3377,15.604240103281938
3378,15.588521048310689
3379,18.880622455485216
3380,17.492395441643673
3381,15.083297542574158
3382,12.548244938251253
3383,13.758597772828756
3384,16.983879073608158
3385,18.152257308645897
3386,12.126453300983195
3387,14.435275302796777
3388,17.798459658419375
3389,20.695265057952756
3390,16.058672165460703
3391,15.815122545797148
3392,16.454207212022606
3393,14.086338001639735
3394,18.333856141494667
3395,18.74804912923919
3396,15.534506754892051
3397,11.201155599015081
3398,19.379754040688653
3399,18.41677133128066
3400,15.848982434492164
3401,13.255568447312797
3402,13.309070470712392
3403,18.32571526659191
3404,15.725843857419292
3405,16.55321958297875
3406,18.736283459811442
3407,19.324335886623583
3408,17.360427484625053
3409,12.764426339011855
3410,16.85035263604283
3411,17.562817717686745
3412,15.563168570342045
3413,16.119048149354022
3414,14.38365540424943
3415,15.977930436025433
3416,16.62573923341958
3417,18.15335519805562
3418,18.169327964295718
3419,19.306822082809234
3420,14.170995377859153
3421,15.224859450526717
3422,14.510434966909838
3423,19.771630153773433
3424,11.670427238103839
3425,14.345826510715337
3426,15.487328578146586
3427,15.621534788578685
3428,14.734000796831584
3429,16.638172919515444
3430,20.42990052129025
3431,15.209467630361928
3432,14.217112446503059
3433,15.491024786402713
3434,15.935937293428344
3435,19.778881550390846
3436,18.768432727083226
3437,15.955109068020711
3438,15.625777854324847
3439,17.883893549167418
3440,17.737063333440116
3441,18.476128560942858
3442,14.852806602330952
3443,13.657933799244795
3444,14.234442367145196
3445,17.286726164257527
3446,12.64598138850969
3447,14.844605014102601
3448,16.96707168879085
3449,15.604686081907046
3450,17.61342614140205
3451,17.385778979481184
3452,16.798101822988897
3453,17.497131093834916
3454,16.04948270594627
3455,15.223805743692164
3456,18.31694713960209
3457,15.281108383482353
3458,16.64204704270414
3459,20.20092867718911
3460,15.948125484747898
3461,16.13686003429583
3462,16.280303069565615
3463,16.846646224212215
3464,11.837720365714734
3465,17.241067926149206
3466,17.30371888530528
3467,16.291022685653893
3468,17.761716363198925
3469,15.355839879870592
3470,12.238464066668884
3471,17.492510097033236
3472,12.644464043841946
3473,17.850946776271158
3474,15.866236128534526
3475,19.233289028660963
3476,15.613059758070694
3477,17.252439450961223
3478,15.22508127221351
3479,18.95611394834503
3480,14.397995221506278
3481,14.533895041606108
3482,13.52897636409741
3483,14.423937888867457
3484,13.133539880292815
3485,17.873349294170463
3486,18.12567001784293
3487,17.656861483614467
3488,17.789225230937777
3489,14.819777471789445
3490,17.168249092123766
3491,16.89167680561196
3492,14.321857700728959
3493,17.19199931980661
3494,15.464437249024975
3495,18.2804031715942
3496,16.158429622816193
3497,18.17058843944121
3498,13.420789593029335
3499,16.640029913199918
3500,11.252460385988877
3501,18.466027787151862
3502,17.096259774875506
3503,17.570466578291786
3504,18.02476827852795
3505,14.750782770447222
3506,18.015004466114092
3507,19.10416320908793
3508,16.089754199744128
3509,16.24168856767666
3510,16.584405537850955
3511,15.82266720152973
3512,19.00330624138094
3513,16.082615537199594
3514,17.25175783368197
3515,12.11182791403735
3516,16.582706474892223
3517,20.12341203597872
3518,16.963707282938692
3519,15.257708678920906
3520,15.071805710067185
3521,13.944124295560082
3522,16.027816055131307
3523,16.770421852067965
3524,17.937946416062783
3525,18.54214914828574
3526,16.758058010911366
3527,16.88799000397958
3528,15.735076528989573
3529,20.069053063707305
3530,16.374064748547667
3531,17.939539380977095
3532,17.620754273436738
3533,16.83765030522384
3534,17.697614493170775
3535,18.819861123564195
3536,15.37304233085506
3537,17.817890205029034
3538,17.895742262211822
3539,17.781499507793743
3540,15.884761699988788
3541,16.349004996123128
3542,16.322717240626744
3543,12.174902629165013
3544,17.11874117404399
3545,12.776013800187771
3546,15.030068972142919
3547,18.722793519874774
3548,19.829745708425907
3549,14.601471988041876
3550,19.60396100747174
3551,18.348402411527317
3552,16.658848573267058
3553,16.934567038148664
3554,18.813351711637985
3555,18.49958704992275
3556,17.848937832363017
3557,16.288477254726615
3558,18.986938089041917
3559,17.3733296136543
3560,12.901223728514044
3561,18.27299560261792
3562,15.940913437077892
3563,15.494949873638525
3564,14.77413608518306
3565,15.431621563339384
3566,17.270338750045802
3567,15.893622873444324
3568,15.101190103136366
3569,18.445738480001566
3570,15.095374371171802
3571,16.575783212280513
3572,18.692527820249556
3573,15.49508300718295
3574,16.662350189042762
3575,14.53009809961534
3576,15.361275638621295
3577,16.22370156581032
3578,17.400484148642057
3579,16.88474163588203
3580,17.03522586334987
3581,15.328885000359021
3582,18.169519711005805
3583,12.411077550870075
3584,16.50962366606711
3585,17.699662541580018
3586,17.323707863808263
3587,14.739672882513952
3588,13.302270452789179
3589,16.163035212465783
3590,15.007261157408738
3591,19.56005812497841
3592,13.957612725342038
3593,12.95885387081532
3594,9.650753736894341
3595,15.935851501202372
3596,16.633675529801945
3597,16.023138793352985
3598,17.507856604313346
3599,15.417839325175475
3600,14.760834098543794
3601,13.120034122444876
3602,12.537967121889082
3603,15.482736502571882
3604,15.58282975282834
3605,17.134634217062953
3606,15.298552411217907
3607,17.950541301395905
3608,18.113598536315795
3609,14.301791329014385
3610,17.334212554197567
3611,13.455338666947135
3612,14.105900096428106
3613,15.029366996740954
3614,17.625650712835817
3615,17.813568140521234
3616,15.638500549723393
3617,15.58577858597181
3618,17.904694891610475
3619,5.095903895569511
3620,18.24661367962781
3621,19.58079161399053
3622,18.40429008747107
3623,17.687156738208078
3624,12.386993878035307
3625,13.711696248405207
3626,17.20042264707726
3627,16.99508175883707
3628,19.900351404890984
3629,15.080184765251136
3630,12.403385853388352
3631,18.17605051842678
3632,16.825098779557617
3633,17.375522928650856
3634,14.8116159360953
3635,13.729623660540232
3636,16.437213284630037
3637,13.97348505957654
3638,16.142562444156397
3639,18.314064242190426
3640,19.87137467522823
3641,14.506788239108575
3642,14.308036385362875
3643,16.359033257488544
3644,15.844174158263707
3645,15.888005892969455
3646,15.698947280412886
3647,15.59517754440078
3648,14.928315493158204
3649,16.228959964692347
3650,16.120375528661384
3651,19.337208270273496
3652,15.881808196656461
3653,18.857609301832778
3654,16.56639429986547
3655,16.552984542795446
3656,16.295078348402615
3657,11.58358916247859
3658,15.478166918623314
3659,17.57180397273179
3660,19.416542580584625
3661,15.111857084518652
3662,16.865074625969918
3663,19.780310940144844
3664,14.018110988695742
3665,14.797089686370914
3666,15.997226076572545
3667,18.591593229667993
3668,16.325543346748095
3669,14.44259905953979
3670,17.18935638198984
3671,15.600423362510485
3672,15.758313273545088
3673,18.934296273165295
3674,15.861153456660118
3675,19.754160790738453
3676,18.426957323660822
3677,15.371712177336851
3678,15.788097697259573
3679,16.17776549036179
3680,14.51279055820979
3681,14.105831775476661
3682,18.51455766335062
3683,14.19850832851074
3684,17.978428905085906
3685,18.392384578325917
3686,14.727887869627875
3687,18.7370549661658
3688,14.576612549961403
3689,13.167364849108383
3690,18.171819105955297
3691,14.551458103257012
3692,13.327987627937457
3693,18.711837632483363
3694,18.671083294515757
3695,18.32508230078081
3696,17.484442375797006
3697,17.160628007998245
3698,17.55085954170562
3699,15.4427971506323
3700,11.846046792600493
3701,16.09293022531416
3702,10.440484775493768
3703,17.81721385456821
3704,17.769541730495003
3705,15.134364504037519
3706,17.02005408221036
3707,13.495289334344283
3708,13.928718446144439
3709,19.47490827643044
3710,16.842632430333907
3711,14.776741686084
3712,16.16358805086305
3713,14.56483274899981
3714,13.824819448295889
3715,16.7541077590675
3716,14.479855948310007
3717,13.29603315054232
3718,15.715769040050548
3719,17.660295055535993
3720,15.934653768423416
3721,11.950582393617337
3722,17.479963115081453
3723,14.112731425521522
3724,15.592910941455832
3725,16.915277351610303
3726,15.803245337259941
3727,17.718592189299468
3728,18.325812467215393
3729,15.862023941827891
3730,18.16054157202434
3731,18.661574053558216
3732,14.350800905123311
3733,18.879748020939015
3734,19.708548273624068
3735,16.576789351788378
3736,15.474762395917683
3737,12.996561083214836
3738,12.37698795699546
3739,14.857320658475933
3740,15.326455083387494
3741,15.091256949559385
3742,18.129298169103222
3743,16.102501261159315
3744,18.727237571609475
3745,17.375333326650154
3746,18.917099448650287
3747,12.417017496902737
3748,14.700721973176686
3749,15.984567497490575
3750,13.844349275766001
3751,14.973858612795402
3752,13.668680867090027
3753,16.026326799907075
3754,17.01497867758719
3755,17.839186127360005
3756,16.534765352980855
3757,19.678119955411077
3758,18.62848502022362
3759,15.191888048292391
3760,18.705181484081468
3761,16.963012595307145
3762,19.27496932373379
3763,15.846314737019377
3764,17.523600871249123
3765,15.29044787931638
3766,14.524206677592248
3767,16.689344582263594
3768,15.328871323806377
3769,13.211426364073894
3770,14.920598564739851
3771,17.274531579543858
3772,16.70359128939762
3773,17.22207236498174
3774,15.53644586422475
3775,18.903172546492762
3776,17.993351111611883
3777,14.475243182059167
3778,13.965915654642776
3779,17.029127348687815
3780,13.107125969928202
3781,16.127110918578254
3782,13.151244736337745
3783,16.869975121167048
3784,14.950170115433615
3785,19.56197923434019
3786,15.927410156878151
3787,19.057882191081728
3788,19.932829173519437
3789,16.67982743895751
3790,14.965096499764302
3791,15.413615524485126
3792,12.253792610089478
3793,14.083846394324585
3794,13.640223223574758
3795,19.81213257769221
3796,15.552209021535278
3797,15.893392341152728
3798,16.98895295551685
3799,14.73320280211026
3800,9.426552473397983
3801,18.390483218116927
3802,14.552939672186566
3803,15.278201839208286
3804,11.667803893873165
3805,12.411273303242782
3806,18.10416650283141
3807,14.988188623847057
3808,13.40222569375379
3809,16.778720148786554
3810,15.565114730028716
3811,17.268048984452047
3812,14.482891912223138
3813,12.299156235347013
3814,14.95786644049911
3815,17.654822300611258
3816,18.247807235297863
3817,18.17033810407027
3818,17.89822323689658
3819,16.90400986000274
3820,18.391070928618245
3821,17.115315876311943
3822,16.14508577435387
3823,14.435153125430281
3824,13.6193427391448
3825,16.177865757632997
3826,18.129316132327812
3827,17.432566268107028
3828,14.40867010591263
3829,12.094879286020824
3830,17.331494368424927
3831,4.049654146811653
3832,18.926500259752707
3833,16.478036608370715
3834,15.72263757877662
3835,15.429047798325549
3836,14.121294534566873
3837,17.300052032247294
3838,18.17471091926027
3839,15.446348083439174
3840,16.495466142921597
3841,16.79681821067304
3842,15.269919257269798
3843,17.73688478860076
3844,14.201550848596149
3845,11.090263468197513
3846,13.588610162859176
3847,13.029925087338063
3848,14.84454726000881
3849,18.51731405252859
3850,15.963101256307787
3851,16.287011599643794
3852,13.747959622347098
3853,18.342627412454966
3854,11.921944651342463
3855,13.402941618715356
3856,16.002070136859132
3857,20.18321118483554
3858,13.133590906877258
3859,16.6608249655896
3860,16.950083403723607
3861,17.8771168124302
3862,16.105030523515435
3863,17.874244870217616
3864,17.230680831807934
3865,18.574145734085914
3866,15.228932122021687
3867,17.93039973535778
3868,15.00839822915429
3869,17.664403665213776
3870,18.332221202311228
3871,20.004645767676394
3872,16.379052744784357
3873,16.72163218445355
3874,14.342361097783357
3875,18.044102128954677
3876,11.109212828307681
3877,17.45583766759981
3878,18.469258067303368
3879,19.58729004824197
3880,15.15119437051487
3881,11.948461157242093
3882,14.8805276470375
3883,12.776723845080523
3884,18.426502532615704
3885,15.027774762426573
3886,17.01638898917513
3887,17.946062354185145
3888,14.86688892766158
3889,15.142899730682627
3890,18.32860193773771
3891,14.976560601810961
3892,12.972213533400836
3893,19.906631146261415
3894,18.25646550664137
3895,16.876933365433207
3896,17.823959142858193
3897,15.030661342742894
3898,15.429333486012311
3899,20.08900036376256
3900,16.046172966387882
3901,14.624905510076458
3902,13.378331654140998
3903,15.922667340967699
3904,15.618676863775418
3905,15.528751636149885
3906,18.043134382199945
3907,15.210944258580527
3908,13.951918228472078
3909,12.696269032475781
3910,16.532887596852778
3911,13.040747723178386
3912,14.338719832030067
3913,18.435466355638212
3914,17.1580854518873
3915,19.11585843117008
3916,12.920100716992764
3917,16.24651916385957
3918,12.9165877676387
3919,18.35240259846303
3920,16.26507822161377
3921,12.72131239228408
3922,15.982102340924122
3923,17.04727243364634
3924,17.323924803547232
3925,18.952780205052058
3926,14.803980532360143
3927,17.958629494533216
3928,18.438080623338546
3929,16.445520593549997
3930,12.558078902114973
3931,13.677351709392672
3932,16.262675708456193
3933,16.382658391857273
3934,17.53952052005444
3935,3.908421624170502
3936,13.41301920567327
3937,19.006625361976944
3938,15.21680451938844
3939,17.053006082605698
3940,12.932988651081471
3941,16.770647233383198
3942,18.8705744043273
3943,20.298000445204995
3944,15.106285952601766
3945,17.60296971931506
3946,14.280460776401616
3947,18.004508144017578
3948,14.322818484494276
3949,14.221588797383074
3950,15.435905056747135
3951,16.84530978204874
3952,17.079291466470604
3953,17.63085366738567
3954,19.735661504007716
3955,16.255102734065744
3956,18.10265547047295
3957,16.420802214769534
3958,13.765408395332338
3959,15.32053734180188
3960,14.313080821201424
3961,17.286053102373202
3962,14.822582121999874
3963,16.9391362541039
3964,20.435331206737548
3965,18.168886976222637
3966,15.755889229287227
3967,19.698205622022623
3968,17.565249204531543
3969,14.979976937455977
3970,16.703135093384912
3971,16.143684061392573
3972,16.927807944439365
3973,17.77531509316947
3974,13.054639888066477
3975,18.344749382213674
3976,18.012055438454738
3977,17.924142326075263
3978,18.695596842747673
3979,15.545420992487673
3980,13.444250738517418
3981,12.931192241618534
3982,15.183243602481584
3983,16.31741687058289
3984,18.29176647521799
3985,15.614921781660216
3986,20.417836004504643
3987,16.046380457753827
3988,14.23065980025354
3989,17.531081322876336
3990,17.251653739207146
3991,11.620028822486114
3992,13.368599037342538
3993,14.844924545042
3994,17.74075710366684
3995,16.789944545041514
3996,17.345489773153144
3997,16.13425680593792
3998,18.117105013017103
3999,16.194006861300064
4000,16.740357350997794
4001,14.456041446770202
4002,18.855951502359048
4003,12.46360196412277
4004,17.80937130837706
4005,12.971380449117387
4006,15.51566547043527
4007,14.080382447001025
4008,14.75302691860499
4009,15.999229217507258
4010,12.911943715053145
4011,15.792243078951339
4012,18.43350179197275
4013,18.277935217137088
4014,12.312037868831315
4015,17.963027285810178
4016,16.802663122883963
4017,15.103149851727496
4018,17.623101439032112
4019,19.313902642788797
4020,15.71761983149611
4021,18.05080908195187
4022,16.25301715583052
4023,18.902105391596944
4024,17.106038217216497
4025,11.665639367679113
4026,18.205039154805576
4027,18.222429605176025
4028,14.420813519329606
4029,13.267925864021926
4030,16.95951665033923
4031,18.041636795030556
4032,11.354352800294578
4033,11.592778834209714
4034,14.26555187364084
4035,18.15935183456253
4036,14.755103252878378
4037,16.82539054092228
4038,15.439484346424623
4039,15.87224667526707
4040,14.920089374868176
4041,13.827336000471437
4042,17.74208105093134
4043,15.00144672347062
4044,18.291707007033423
4045,18.179893659390867
4046,16.299837005282505
4047,19.768270000496642
4048,15.8008005519754
4049,3.8570860840444197
4050,13.714120052507909
4051,19.855233437957153
4052,14.847253057856994
4053,13.884106035256327
4054,12.680285507944209
4055,14.668455297205364
4056,14.776067165325967
4057,11.381514385286737
4058,15.85435019456854
4059,14.680902928186658
4060,17.954301499158767
4061,18.315544637423546
4062,16.65407003756159
4063,16.144862454422313
4064,19.885851029604368
4065,18.397995966393072
4066,15.142197773994527
4067,17.364130695741174
4068,14.72622412883755
4069,17.615012264694222
4070,15.751315632952435
4071,15.508990917895336
4072,15.563658916557578
4073,18.490238514075074
4074,10.682516855044057
4075,15.78673545949461
4076,17.692206834533103
4077,19.217189220037387
4078,14.402805199315084
4079,18.16248539199184
4080,15.15146479957358
4081,16.096536015947777
4082,18.93666543230355
4083,16.31170999411725
4084,13.11434874760323
4085,15.126228341813608
4086,18.543050944381473
4087,14.634970364899615
4088,17.457842928823865
4089,16.534018847507383
4090,14.507211858083084
4091,17.292727711629492
4092,17.356005267927586
4093,16.82357682776468
4094,14.072333830992342
4095,18.718032696900558
4096,16.731110888398103
4097,17.91508870526746
4098,14.289371721571024
4099,15.33662039911797
4100,17.055719954891423
4101,17.150831580874502
4102,15.018265759199746
4103,17.795373243908205
4104,14.901208553342228
4105,13.947821210456473
4106,15.74603164807305
4107,13.255179153320992
4108,15.643875129059923
4109,14.10297807113182
4110,17.050261719086016
4111,14.428213407460635
4112,15.808981832598027
4113,14.303882472996184
4114,19.3439245430784
4115,13.325774962220693
4116,15.405993318860679
4117,13.968578270711667
4118,17.080622337946853
4119,16.991125079084703
4120,15.092457712124476
4121,14.682051914041526
4122,18.979132425076333
4123,14.618299497571131
4124,18.08927149479164
4125,16.348013226745213
4126,14.396811458072
4127,15.469617164890234
4128,15.987180956777006
4129,14.483891435098583
4130,16.144665429968278
4131,18.498428197654572
4132,17.94135562735302
4133,17.018774936795563
4134,15.169430288251265
4135,16.720038659135216
4136,20.00560326572782
4137,14.521884166561883
4138,17.133257622389678
4139,16.270296011401587
4140,14.283416187466207
4141,14.60862442915342
4142,16.318541606007813
4143,17.33382326156437
4144,14.587888666253862
4145,16.764453665952644
4146,14.208238327690506
4147,11.45159541581435
4148,16.895257929826023
4149,15.79450342652063
4150,13.945770573598516
4151,13.399110008510759
4152,17.210302084253666
4153,15.407153240519207
4154,14.322965299932582
4155,15.722897730758218
4156,14.441359981337024
4157,14.275459298373097
4158,15.247565919193475
4159,17.671912566691905
4160,19.57512300203824
4161,15.706875156603369
4162,16.623495705627725
4163,18.246539101946333
4164,14.759316247716356
4165,14.322595934387111
4166,16.429671647837196
4167,17.54608359495891
4168,14.420235877246323
4169,14.21114883633915
4170,14.856416922783458
4171,17.73678601019521
4172,18.05389116913133
4173,13.174516597394796
4174,13.545800134119242
4175,15.581342371866898
4176,16.55046337017694
4177,12.51908578323208
4178,19.70239813226265
4179,12.475370194051795
4180,18.092690504322643
4181,16.66748300630534
4182,15.949409700835245
4183,17.195624343757643
4184,16.476502181316146
4185,15.478753668797113
4186,16.604838833442493
4187,16.067490896783028
4188,15.033345628021891
4189,14.214804317179278
4190,12.37321312050992
4191,14.096926298154681
4192,9.968990452211733
4193,19.447756891034395
4194,18.35002268957314
4195,15.52327544756557
4196,15.12347706279749
4197,17.13686846599408
4198,12.744679022515475
4199,16.80104183331395
4200,18.174684227673637
4201,18.3320321203227
4202,17.965371208739793
4203,15.967487569353409
4204,17.46829892761649
4205,15.664916994615023
4206,16.058025721424546
4207,19.618192442555447
4208,19.940066203914423
4209,16.096391320751128
4210,18.21534178285814
4211,16.014390795281567
4212,19.77213368842177
4213,14.159620600007665
4214,16.74449492270324
4215,15.216786424413561
4216,14.750066263764696
4217,12.98677779159286
4218,17.021602727313198
4219,15.73826955231908
4220,15.905570252805898
4221,12.928761043492502
4222,13.596543796437622
4223,18.38298632482388
4224,15.934569515950225
4225,17.349532910529735
4226,15.803118223432618
4227,15.94798333754771
4228,12.663223065554066
4229,17.913945271755164
4230,16.161432931191516
4231,14.506756662952073
4232,14.57901324795575
4233,17.861840748022033
4234,16.815018044052643
4235,15.245919883682728
4236,14.969166098852511
4237,13.791861645091581
4238,17.263969022750647
4239,18.672649542102633
4240,19.40715450063785
4241,18.499259440868297
4242,15.473219804996688
4243,14.82276967061427
4244,17.16115706901371
4245,14.663660184444113
4246,12.908159057596631
4247,16.70017036133159
4248,15.841307517574307
4249,15.967819836620182
4250,16.49957628834095
4251,12.89717958360078
4252,18.497273829724644
4253,17.912708819623994
4254,17.98040861834849
4255,17.019132776738427
4256,19.45017446819362
4257,18.44032802964438
4258,14.591978535129453
4259,13.951425692069842
4260,18.592260853466563
4261,15.986660298692657
4262,11.46662917981814
4263,13.649043811377437
4264,19.85915563534203
4265,15.332659758026663
4266,16.148456477770136
4267,15.620136732419802
4268,15.621529048966337
4269,15.652424512245211
4270,19.863069561117097
4271,15.99486169035618
4272,13.851913349944414
4273,16.624446432281044
4274,17.743394096767155
4275,15.82896082241864
4276,15.98595979207999
4277,15.161382616402356
4278,16.411706129505486
4279,17.612130436869258
4280,13.853289863700565
4281,14.96341375627993
4282,17.118954461188515
4283,11.450885703836628
4284,15.37521867309318
4285,13.001366266311425
4286,19.9170299310756
4287,15.576246960817823
4288,17.37901687475733
4289,17.992772248646364
4290,17.943587907374873
4291,15.70421751917561
4292,15.873134232964153
4293,14.398941840544987
4294,18.49136623737858
4295,18.694388977901905
4296,16.70798238924725
4297,17.25785849307618
4298,14.102733023993528
4299,15.278841781706117
4300,17.023868340512664
4301,14.162103962957017
4302,15.033690882437847
4303,12.50941635671452
4304,16.568133098973536
4305,16.817702810226077
4306,16.844131360180086
4307,12.171105646437937
4308,13.311049480476452
4309,15.548293352490905
4310,15.054353819655121
4311,13.679174989703093
4312,17.766797342901484
4313,18.215774761493446
4314,15.318532503588685
4315,18.974255739779093
4316,19.126869069647707
4317,14.889834413775045
4318,16.99384353166641
4319,12.720624843551313
4320,16.34161094078571
4321,17.59574457070374
4322,14.250672578224778
4323,14.491390292261014
4324,16.180187524021523
4325,13.852122882847155
4326,17.03760469038607
4327,17.28217338111275
4328,16.525227337695608
4329,13.241940570977677
4330,20.47123212820211
4331,17.1637164551738
4332,17.950162205745926
4333,14.448555132370132
4334,17.907879969462343
4335,17.950308835701218
4336,17.21080600785909
4337,12.106829781645184
4338,19.347081013374055
4339,17.78945134713887
4340,14.790167237839649
4341,16.80042853046557
4342,14.453235926285547
4343,17.06163577843691
4344,13.347177381030676
4345,12.93390900949505
4346,17.74448571262026
4347,18.503811848381957
4348,14.725342706598706
4349,18.92659892111535
4350,15.443291386323008
4351,19.05086932799257
4352,14.361626486466424
4353,18.101193312838376
4354,14.775124341411285
4355,15.322728065319538
4356,14.336485861400615
4357,17.80218094260847
4358,14.113677591430799
4359,15.889530217251078
4360,17.57866905872533
4361,17.565698961583426
4362,14.44514793879029
4363,17.658458678168543
4364,17.485985185158633
4365,14.547424328376358
4366,17.23830314825324
4367,17.8423500322104
4368,18.173443720475888
4369,16.788080557852226
4370,18.196833039239223
4371,15.977862460242289
4372,15.323460145509939
4373,16.967207469380238
4374,17.671546443948326
4375,14.678861976707392
4376,11.763612085236865
4377,16.03443941495116
4378,16.855742641171087
4379,18.74190459762561
4380,17.947390279706312
4381,17.422011934962722
4382,19.753646081684813
4383,18.985272252850017
4384,16.55587648314682
4385,13.937654030133304
4386,17.018645811002244
4387,15.502259824343376
4388,16.932723677715355
4389,18.646072828392363
4390,15.059846384638695
4391,13.759143606585434
4392,18.29771148565573
4393,17.172364988459794
4394,16.443742963923448
4395,16.401556955279897
4396,17.365156067707233
4397,17.451958723600118
4398,18.436299255853395
4399,12.779376663602168
4400,15.001926678558585
4401,17.197764539012695
4402,15.027252239984033
4403,16.438178074894175
4404,17.421048843129935
4405,16.502649795077456
4406,14.158737882121871
4407,13.65946209437144
4408,14.047610871867652
4409,14.484817977353106
4410,15.14165360969392
4411,15.959152095139968
4412,17.63605918970136
4413,17.126220043226255
4414,14.799370815132997
4415,15.340954217567345
4416,12.975292276649002
4417,18.6178827111361
4418,13.658722290388317
4419,16.071439992872712
4420,19.689246731988145
4421,13.261929887874896
4422,14.537570663140643
4423,14.7761367447103
4424,2.529370172328024
4425,15.87782393183034
4426,16.21364110059382
4427,17.436174435785375
4428,13.977632288827326
4429,13.444685287466454
4430,12.715108018259187
4431,11.692407222778474
4432,18.476121395310305
4433,19.120161469219273
4434,19.24610614929964
4435,16.582125062661827
4436,17.87770373497998
4437,14.96903902883313
4438,13.505594137513645
4439,16.906263381498846
4440,13.784382373014866
4441,17.2958316824314
4442,13.33202433935608
4443,12.458418489259827
4444,13.598505187410826
4445,14.044061242041616
4446,12.357766203007786
4447,17.93092284189995
4448,16.24781398035348
4449,14.795639503780372
4450,18.617559565312632
4451,19.620049739735244
4452,16.813566037430768
4453,12.500779532899935
4454,14.55268702892478
4455,14.769404726831885
4456,17.948569657494524
4457,12.771565916805555
4458,12.99194871096524
4459,17.325558624129872
4460,8.439442602517701
4461,18.359263687211932
4462,17.980399360759353
4463,14.539229387659184
4464,17.7674094462686
4465,14.714118800917525
4466,14.195290164020186
4467,16.275721078332403
4468,14.995005732420857
4469,16.27565868237118
4470,16.456345084315274
4471,12.48167793804941
4472,18.565163945777453
4473,15.54061368501457
4474,16.106760628760135
4475,14.452835854798414
4476,11.488135604952838
4477,16.674589298741733
4478,13.17265711007736
4479,13.737834150501747
4480,17.999460998982485
4481,14.091225478279668
4482,17.08795730889458
4483,16.191341685294077
4484,14.821509146572204
4485,16.606172714927222
4486,15.795894249890077
4487,16.505734500133254
4488,17.915807206208125
4489,16.878382648415037
4490,14.607576791637022
4491,18.375679165240662
4492,16.33884959095876
4493,14.856219828885225
4494,17.37877893123437
4495,16.061567357840623
4496,17.301641636793455
4497,15.76820362309941
4498,17.78096946176102
4499,12.480476218666054
4500,17.79344522575964
4501,18.370989790098946
4502,14.380669061862235
4503,19.825480080471678
4504,15.52812267394874
4505,13.359252073464777
4506,18.06029249912247
4507,14.17490836765636
4508,12.202555063075268
4509,14.874991877934631
4510,15.340264615600466
4511,18.627678090961954
4512,13.893613765133727
4513,16.79677870109866
4514,14.967966331784924
4515,19.310801743663614
4516,15.933104532539192
4517,15.245704298227482
4518,19.151857902653102
4519,18.402673263468852
4520,15.14562883642127
4521,17.16442568940329
4522,18.09647596332303
4523,15.940666728935035
4524,15.249777830013732
4525,15.500598822765117
4526,13.426371309616579
4527,16.589743622403084
4528,15.080176988201956
4529,14.813142103964562
4530,15.16326103686658
4531,15.85333965657956
4532,16.60257192034185
4533,17.133011561511335
4534,14.268947312873145
4535,18.240772120213343
4536,15.882298362072218
4537,15.133181893783677
4538,16.454169514507058
4539,14.387677886101242
4540,18.052441661501597
4541,15.056819270481434
4542,14.990310336302654
4543,17.907745905042542
4544,15.719635837515389
4545,13.349637377913652
4546,13.728586790483586
4547,13.733783119543471
4548,15.97119514636089
4549,12.748358253293995
4550,16.634479978331417
4551,20.399000944783676
4552,18.354806983219788
4553,15.214399702578248
4554,19.989514016716907
4555,8.48874085465642
4556,17.144781128794936
4557,16.864240338857684
4558,15.493194069995555
4559,17.202480575590542
4560,17.971465687700654
4561,15.932586770698292
4562,14.125585510892424
4563,18.968614699096094
4564,12.693139220143474
4565,14.162761037064389
4566,16.473003904286475
4567,17.86226808122073
4568,13.95419763973356
4569,14.566473745036832
4570,16.08753247529288
4571,12.811666928597997
4572,16.65173794639393
4573,16.92265471337035
4574,13.772010280859735
4575,12.866666255046017
4576,15.47960183412132
4577,15.107550970573017
4578,17.095561646923457
4579,15.654909402451235
4580,17.134943516946052
4581,15.18349244163286
4582,17.588661949365292
4583,18.325550595866492
4584,16.260018813361636
4585,18.510359092740828
4586,15.530050683255713
4587,15.8777980051216
4588,18.825877040307315
4589,14.815770003846469
4590,20.941731834759057
4591,18.112141608701673
4592,13.911803041310106
4593,11.840516520064668
4594,17.098730457877913
4595,19.654234731346868
4596,19.738550266478445
4597,16.090650793153735
4598,18.34673184207766
4599,17.129508417518846
4600,13.462925537802162
4601,17.20704803564004
4602,17.00990419557688
4603,16.78558108668685
4604,16.886905910911047
4605,18.87671407978563
4606,18.6846133390411
4607,17.045117979519866
4608,16.35874261794859
4609,16.583744835691196
4610,18.96056008981402
4611,17.2271997025356
4612,16.378261025427296
4613,16.643430356058843
4614,17.018352982921748
4615,14.841346294563307
4616,10.994630456428359
4617,17.784261067152087
4618,13.776609360298282
4619,15.492941613301923
4620,14.490306179431302
4621,18.91499953779229
4622,16.933601031956986
4623,15.682136418681859
4624,1.5383115342433595
4625,16.526005518048862
4626,16.25729195923556
4627,16.4040146304579
4628,15.96544197762318
4629,14.340782552309395
4630,16.02497917115302
4631,15.048091681959285
4632,14.98235700573233
4633,14.87484225329355
4634,12.621205537788464
4635,12.627452231971715
4636,18.316530091275055
4637,14.882805174964641
4638,15.683085193344402
4639,10.689338332291179
4640,17.779686431351628
4641,16.15083033507044
4642,15.466746144828598
4643,17.411511680921887
4644,14.420263014538211
4645,5.18112065830534
4646,20.40880542692601
4647,15.222792656018882
4648,16.046129112078578
4649,18.17916539395892
4650,17.53969136884811
4651,17.69313418370565
4652,19.60098352931348
4653,13.702538619926917
4654,17.968732057664898
4655,17.945264745465643
4656,15.771243014695091
4657,16.712568287171965
4658,17.509121911805025
4659,14.047838876244812
4660,14.414426428640905
4661,15.605449900491992
4662,15.690965802722637
4663,17.250387613467243
4664,14.67155888631721
4665,17.228254456051317
4666,15.891867434865196
4667,18.533009983036933
4668,15.051174277797648
4669,15.786153838333968
4670,16.488728541028898
4671,16.097465015535693
4672,12.77890006029385
4673,16.53735057285049
4674,13.553184852797681
4675,14.365343883408885
4676,15.855514160358144
4677,12.16330954806543
4678,15.13785806159188
4679,12.634514275484086
4680,13.318364951200229
4681,16.8485506743884
4682,15.630058964720074
4683,13.460205599235655
4684,13.527393522696762
4685,17.089133257723503
4686,13.84546653516474
4687,14.47781705468631
4688,18.021824215378537
4689,15.573631299201836
4690,15.193531096342888
4691,16.23631166451949
4692,16.286951603878606
4693,14.355306788897849
4694,15.05967357796126
4695,15.582783405422072
4696,17.252412633851478
4697,17.9733383058659
4698,14.661763216316515
4699,13.936981956936329
4700,18.700869399333115
4701,18.994819847209957
4702,15.371644316898735
4703,15.249493549401263
4704,17.917516650229555
4705,17.447465740484336
4706,17.878144037868104
4707,13.310139399966648
4708,16.093050412460475
4709,2.3298047844953094
4710,19.17135033522662
4711,15.28785777500374
4712,13.900941445275373
4713,18.81775447446456
4714,13.48119455771478
4715,13.022956764691992
4716,13.570546355188274
4717,16.49303468651847
4718,15.073220884313379
4719,17.96955874504978
4720,15.656724051098879
4721,14.177488123414427
4722,18.081683707691127
4723,13.730896450206354
4724,18.7940930725497
4725,15.393684349515427
4726,15.303304162880005
4727,16.37353615603482
4728,16.61606878473789
4729,18.191570145003308
4730,13.326791731657245
4731,17.023873867620644
4732,19.777605114559634
4733,12.275134926774317
4734,19.398883238829008
4735,17.542862941145216
4736,16.649088766846948
4737,17.635886508901482
4738,14.820164300995161
4739,18.277073916872606
4740,19.866397383158688
4741,12.902708329620243
4742,17.997999802546705
4743,12.635349562861846
4744,12.615964071378292
4745,19.5356157372624
4746,17.18064140881895
4747,16.893609175709887
4748,17.96287093366823
4749,14.360451405615054
4750,15.484008933424928
4751,15.612132662127093
4752,15.693998542686666
4753,16.71394601746766
4754,20.500194343560594
4755,15.705807231301213
4756,17.24175460503375
4757,18.614689767524755
4758,18.356935574073546
4759,19.65383490329979
4760,14.383889449900009
4761,15.406995316970916
4762,13.936784222484764
4763,13.13043898572011
4764,19.82890080331497
4765,16.71244238364227
4766,18.420462477119905
4767,17.439414345301188
4768,17.555259959640818
4769,17.003294432514867
4770,17.565873785753435
4771,18.00113848511198
4772,15.664693339780042
4773,15.03033165952543
4774,15.195727608457776
4775,13.271166048523568
4776,14.19161346115835
4777,19.58375689417665
4778,17.412916599795693
4779,13.343898146191608
4780,19.178884865589158
4781,14.50100879115761
4782,16.62308008423385
4783,15.209680320858306
4784,15.66642628864185
4785,16.36087518090048
4786,17.98419297182669
4787,18.180008456425973
4788,18.0190269324787
4789,14.920614970194636
4790,16.571886890311717
4791,15.681420409682632
4792,14.936289528545046
4793,15.893280189948728
4794,13.414254240973913
4795,15.844610586445704
4796,15.506277537348042
4797,20.183451483115512
4798,18.02654690143004
4799,15.550761131775532
4800,17.16460362134854
4801,12.735499857053105
4802,17.09520310642752
4803,14.847739859481573
4804,15.496516965928652
4805,12.30471775247987
4806,13.528409754176277
4807,14.759215283821195
4808,14.437439249474158
4809,18.146863882437547
4810,12.224848436952165
4811,15.310592415517853
4812,18.460658766643565
4813,17.79380434763664
4814,13.418374676887952
4815,17.073010997414702
4816,17.398576759703737
4817,15.713797113658377
4818,15.36822797442886
4819,15.069972145433164
4820,16.091860243318404
4821,14.039448326969671
4822,14.194117150679013
4823,15.44388747326884
4824,17.114781577661304
4825,17.827418966775298
4826,16.02288187753505
4827,18.28815610638566
4828,16.452415751793133
4829,17.071605435496473
4830,16.134671852671715
4831,17.15096698486674
4832,14.57818239932692
4833,16.214489431123706
4834,15.135658825183436
4835,16.677218481458993
4836,15.75695120314608
4837,18.810851831418958
4838,17.325807450094004
4839,3.4066134663445626
4840,20.126328434201664
4841,12.575022735627163
4842,17.45425565219935
4843,17.99639001598686
4844,14.033407482467421
4845,16.604795572179825
4846,15.744998070767519
4847,19.714727446032054
4848,17.144947483966668
4849,19.23865792791078
4850,17.170673019638443
4851,11.59878655303803
4852,13.944538385635381
4853,16.88241286897425
4854,16.684255397946856
4855,18.068736104020974
4856,16.41397878887828
4857,16.57628012291773
4858,15.327918203431668
4859,15.258550328138387
4860,19.787256691034514
4861,18.18914283035999
4862,18.270066200360688
4863,19.171624404810032
4864,17.93356825972135
4865,17.211067389840043
4866,16.606755082223415
4867,17.939982975676763
4868,14.424839646213265
4869,12.513325009530252
4870,15.84087291173844
4871,16.83490499591885
4872,13.987172083880358
4873,15.88362476888755
4874,18.12319383261781
4875,16.682040313119032
4876,16.188792008388138
4877,16.835851145338037
4878,15.43969308224824
4879,17.009908258543412
4880,15.814046159979096
4881,14.71044012166946
4882,14.937791247379963
4883,17.87941038768397
4884,18.156257269819147
4885,16.157939544618692
4886,16.256141345157733
4887,14.31838393851525
4888,15.716632835616265
4889,14.468382984566462
4890,18.81201510273298
4891,13.83609059034444
4892,14.788003882238456
4893,17.226698245702348
4894,15.650969664975838
4895,15.229991975284499
4896,16.71122258162401
4897,13.729508681560988
4898,18.609863190102445
4899,16.32673250644085
4900,18.673249966978037
4901,17.163753065351326
4902,13.42309771343247
4903,11.30119418778804
4904,19.193186686690552
4905,15.533690290131704
4906,12.027148746766546
4907,20.394097741174235
4908,16.83466044885569
4909,17.670303077204654
4910,16.70865974244713
4911,16.665327160761816
4912,16.934975402045538
4913,14.908240655308216
4914,17.801752019174675
4915,18.062903419757397
4916,17.072045617467616
4917,15.900414219679682
4918,18.46073511396164
4919,17.02764261839837
4920,16.15911159506147
4921,17.956450181313123
4922,17.131586663205827
4923,15.132755809513005
4924,17.911199981972644
4925,18.250267610549447
4926,12.741959526759322
4927,17.06399916859211
4928,15.774778086384718
4929,15.50260911361157
4930,17.027218790809805
4931,15.646333381750091
4932,14.599708403449826
4933,18.214422531242555
4934,15.040839701865087
4935,19.828557218117172
4936,15.76838666474011
4937,12.647863529219187
4938,16.946789657425207
4939,13.54992729539728
4940,14.567935286038692
4941,16.434494179287757
4942,14.245341863228282
4943,17.727976941087686
4944,17.480901180484892
4945,14.047513108701585
4946,15.061009102530493
4947,12.312240922540612
4948,14.389750661174729
4949,15.80533285138393
4950,17.765864902670025
4951,15.594648344797948
4952,16.884509027912554
4953,18.19091650118992
4954,17.290589622474677
4955,14.418758716926442
4956,14.603861049408682
4957,17.31295235356154
4958,15.230370218900948
4959,14.896572459915634
4960,15.645290756220133
4961,18.58535514500158
4962,15.899166630938518
4963,16.804973859773646
4964,15.148688993389062
4965,13.198666916556412
4966,13.91146035232709
4967,17.85945222352529
4968,16.02986381384429
4969,11.546343230485057
4970,13.487626447502478
4971,18.371311187094662
4972,16.226040467886495
4973,14.491718396228471
4974,18.189621522519086
4975,15.154440586069132
4976,13.55923406477757
4977,17.67471223647503
4978,15.75149790944627
4979,15.851160677575184
4980,17.00124080336698
4981,16.255609739788564
4982,18.474714227512106
4983,3.953971403463084
4984,17.228103759851123
4985,19.504240985608845
4986,14.067863055368823
4987,14.185751884716026
4988,14.024973764552305
4989,14.9502081441022
4990,13.043634802484126
4991,17.11425389812316
4992,18.852215078499245
4993,15.769511249153403
4994,18.188555638197133
4995,13.932251822115397
4996,16.33449565927338
4997,17.847262981741324
4998,16.374804715417255
4999,17.938766820320566
5000,18.699631247321573
5001,19.158421442510544
5002,19.111720174498704
5003,17.525375348532688
5004,16.53647693259268
5005,16.66611358006354
5006,19.695729555364736
5007,16.667915820859108
5008,19.756655941786324
5009,17.374693761491088
5010,13.725175227404774
5011,15.52970542464227
5012,17.259501040633953
5013,14.541461080077118
5014,17.560512470704342
5015,16.707553080739206
5016,18.53960704313735
5017,15.254253691511419
5018,16.66564666004609
5019,17.774277839968125
5020,15.2043882120801
5021,12.195866658973035
5022,17.484511091164972
5023,15.07612828225804
5024,18.484325802254606
5025,14.010117614970422
5026,18.14037698491187
5027,16.724802896448477
5028,17.61835505343337
5029,18.241863092991686
5030,16.72309390863629
5031,14.18470124019637
5032,18.460857463159854
5033,13.8651501715078
5034,14.174735286303722
5035,14.495052029755275
5036,16.025901286976037
5037,15.997665583932184
5038,19.701100145986032
5039,14.016112171351162
5040,17.722790420372558
5041,17.080455420910127
5042,16.884879456697348
5043,16.88729252754372
5044,18.708521353130877
5045,15.868594589705358
5046,14.770526756799573
5047,13.842922620593775
5048,14.6001820084765
5049,18.31610637454729
5050,14.873963866750112
5051,19.35137502893822
5052,18.783811636041026
5053,16.020848537128067
5054,16.81160404609726
5055,15.762601905998798
5056,14.086276371420889
5057,17.500763718453044
5058,14.19972111352989
5059,16.57352090076218
5060,18.626319132719438
5061,17.15771371354243
5062,13.848857989485705
5063,12.851153303427902
5064,17.575280284939605
5065,14.866307507632518
5066,15.780248836277362
5067,16.700091278951387
5068,16.34295783293691
5069,18.23568169951907
5070,16.670090963908386
5071,17.85416262040007
5072,18.048755561736538
5073,15.800507950504961
5074,15.418532797580802
5075,15.685179153365622
5076,17.10318351373067
5077,18.67224292236499
5078,15.656553252733369
5079,14.910787069399161
5080,18.134971677425142
5081,17.49938504503815
5082,16.63913977256256
5083,10.816023688631935
5084,15.883328375623615
5085,12.503051515914521
5086,13.772582107900462
5087,14.712578779145222
5088,14.838998237358076
5089,15.039349596712585
5090,15.120242165386694
5091,15.560057659625453
5092,16.12075086915481
5093,17.057302420363836
5094,17.233063610417737
5095,18.43832551157273
5096,15.680968672904319
5097,13.411526083208528
5098,13.460761481486154
5099,14.596483559438214
5100,15.971367978718142
5101,14.461197612312326
5102,9.883260496307086
5103,14.185038414473048
5104,15.760435580615415
5105,16.088185601843406
5106,15.097043051929688
5107,15.406889213692233
5108,16.158873362356413
5109,13.047169092627524
5110,16.972653153291652
5111,18.362772557193598
5112,15.43279218226189
5113,14.047223174685062
5114,17.514397374499282
5115,14.443545644036401
5116,13.39388271267253
5117,19.315729663979674
5118,16.670350429244117
5119,11.195172323869105
5120,12.901205059170474
5121,18.017215166201105
5122,16.94938613113131
5123,17.005596888041698
5124,14.18514705006685
5125,16.53391876974707
5126,13.851132020407888
5127,16.86655736871985
5128,11.816478118901703
5129,14.311794593744844
5130,15.992801881380878
5131,14.97338910251641
5132,17.767916740220542
5133,18.453113756124722
5134,18.29930074300806
5135,19.24434047560267
5136,15.612610213309928
5137,18.032265002022868
5138,16.033444411103417
5139,18.939792051813775
5140,18.387464451488945
5141,16.116273101424987
5142,18.677762845964896
5143,17.425595261988956
5144,18.08453399513935
5145,16.637439737274388
5146,11.280440787601115
5147,14.089650624616972
5148,16.42975315274936
5149,12.070918899169662
5150,19.830974398343177
5151,19.572142838682893
5152,17.842827298684234
5153,14.241671888247563
5154,16.856165215260194
5155,13.168332742715652
5156,19.991399840672113
5157,15.792806737416072
5158,13.83457671421693
5159,17.45578748502563
5160,15.765056765878024
5161,15.548984920862736
5162,18.435276353763648
5163,17.75283467287845
5164,13.916118723735291
5165,17.380564832459424
5166,18.86717022779114
5167,13.62181094403202
5168,16.375538342798723
5169,16.448293707666245
5170,17.038196806008454
5171,18.45933467999943
5172,14.765232757134505
5173,17.740756638606403
5174,18.05974955516578
5175,13.438153181954084
5176,15.045728331395049
5177,18.438376537735554
5178,20.088188162863734
5179,14.357224417665691
5180,16.545215317693792
5181,13.646079795681807
5182,16.0910133948704
5183,13.879955290170818
5184,15.454465907653612
5185,15.125034160862917
5186,15.150224961995468
5187,14.117762005361179
5188,15.310652050284698
5189,17.235157464442672
5190,18.93413950105599
5191,16.26796784561635
5192,18.779813824673067
5193,17.532756257056644
5194,16.9371917851625
5195,18.834445074093022
5196,17.66567601589173
5197,15.813764921810794
5198,17.72846041859431
5199,16.78571835178345
5200,14.630704368618051
5201,17.163933577789727
5202,14.375116829889782
5203,13.208142601958482
5204,12.27668343071725
5205,14.714532018202409
5206,16.072559458521482
5207,14.694457792953022
5208,14.689156010403313
5209,17.661904237312775
5210,16.029904930309197
5211,16.057744227156594
5212,17.506280017377538
5213,17.47037009162548
5214,11.61685214636941
5215,16.300771970164675
5216,17.80339398973373
5217,10.788263721966498
5218,16.167712746132032
5219,14.038511074156556
5220,17.97549043190211
5221,13.52412858705928
5222,15.821778532882472
5223,18.501695421193585
5224,2.6282945134648554
5225,12.68154927050329
5226,16.719050520494395
5227,14.55841493252202
5228,16.5900540267397
5229,18.286180443637416
5230,16.00812618764337
5231,15.82722861959349
5232,14.072139557382506
5233,13.823317333445319
5234,17.582770570169266
5235,16.62654685195019
5236,18.776560827865104
5237,18.599370161428382
5238,14.931998250025904
5239,15.874152352835038
5240,17.68408251173412
5241,17.257032896911717
5242,16.214773260926926
5243,14.287964658049315
5244,18.117637401103824
5245,15.689679933692808
5246,15.9263537352158
5247,16.982572342735324
5248,12.786315617471256
5249,17.623200168664848
5250,19.259812416956915
5251,16.555932867715615
5252,12.373982650500102
5253,15.278383887105017
5254,13.5263015056089
5255,18.108045925308858
5256,16.801579095118758
5257,14.590030377071008
5258,15.695764542936272
5259,17.45422594338977
5260,15.938432975930391
5261,17.119413964193015
5262,15.568549552283121
5263,17.65692138791785
5264,13.677670602438045
5265,13.173474110243625
5266,16.200152933414106
5267,14.066282492261696
5268,16.78276511029445
5269,18.345772684866336
5270,16.835223215266026
5271,16.042304257591315
5272,18.236277882900072
5273,12.427678791969573
5274,16.870474917034546
5275,15.50055566727189
5276,15.886762420593763
5277,13.449504482461652
5278,15.444709794510278
5279,14.752751285963685
5280,14.357402853460227
5281,15.335688855670599
5282,17.133326211379956
5283,13.258427166112474
5284,15.169373680040879
5285,17.822513792874563
5286,16.655091712653025
5287,15.114406950441076
5288,13.330906362074359
5289,18.030939942676493
5290,18.322281093085643
5291,20.147405116575023
5292,18.124019885917644
5293,18.8624391057659
5294,13.477878913692614
5295,20.043982382913097
5296,14.58737248644553
5297,17.82063298556765
5298,18.77184206672986
5299,14.574392856858667
5300,15.28132401733816
5301,14.845237673673802
5302,17.16654360234809
5303,15.61792306938633
5304,14.449430472180007
5305,14.34130048362762
5306,17.776497015797485
5307,19.10587235199792
5308,12.260526300259448
5309,13.003488851913703
5310,18.619736488667336
5311,14.792273103230439
5312,18.906361687164434
5313,19.87148293086545
5314,17.737302348654488
5315,14.054273606728731
5316,15.028420792115039
5317,15.744306794029704
5318,14.812510050430687
5319,16.187592485770683
5320,16.270951608533863
5321,16.611239904741925
5322,12.747571839697311
5323,18.77250540542081
5324,16.291285355009133
5325,15.758092967831969
5326,16.15081058052549
5327,18.291594192527477
5328,13.3188049573858
5329,14.898042177821928
5330,18.751901309074377
5331,12.81393751195102
5332,14.837051047893025
5333,16.65100186419051
5334,16.745224270366762
5335,14.413780495440879
5336,15.607955928667343
5337,14.354304601981484
5338,17.291321983020335
5339,16.28039380932091
5340,16.19699257648593
5341,18.6598402529112
5342,18.174330213581726
5343,17.68369734768798
5344,18.516493028513647
5345,14.278304124476204
5346,17.79531140440024
5347,15.212453946390164
5348,15.75443004300119
5349,11.811933278041499
5350,13.122446567500765
5351,18.052251691858263
5352,15.409886244500214
5353,14.892508417156442
5354,17.600120412651957
5355,17.22426766415002
5356,17.010810417815538
5357,14.961191245532346
5358,17.479878540951248
5359,16.344012046068457
5360,18.242278000568408
5361,15.758832848129316
5362,13.975146176742175
5363,16.665241617547668
5364,14.335676948470232
5365,18.018572198233112
5366,16.76964483603279
5367,18.044117715435732
5368,15.072727268191004
5369,19.959477569414265
5370,16.775414388003284
5371,17.51130550614905
5372,19.99157116822005
5373,15.744056894541187
5374,18.422866428818267
5375,18.207389606584215
5376,18.07805595199919
5377,15.308477168700994
5378,14.797167919903629
5379,16.535967602824822
5380,16.670335026120675
5381,17.816303988028462
5382,18.04903145707518
5383,10.36227590822522
5384,18.63051623231034
5385,18.269871569808046
5386,15.81051953416831
5387,14.794069894650631
5388,18.865024722418518
5389,15.56945753870678
5390,13.75186121596207
5391,17.406223816354622
5392,13.59359338221891
5393,16.187183645098244
5394,17.50844914706749
5395,16.448555623712792
5396,18.226412369672595
5397,12.282052957774098
5398,14.452055094428106
5399,11.213093241941676
5400,14.299830907287241
5401,17.979415843710083
5402,17.207032835094225
5403,17.488560827349662
5404,13.277060349660765
5405,17.39672489701648
5406,13.037817988113172
5407,18.939491960068196
5408,20.084547545544225
5409,18.385077365097988
5410,14.018266088746094
5411,16.061964669988164
5412,13.300632837131968
5413,13.440879702740451
5414,18.33247920677498
5415,18.33448278072632
5416,16.59152315933112
5417,18.474068678456955
5418,13.443034962027857
5419,13.587840556733456
5420,16.067784343606903
5421,16.999664145341143
5422,17.96051804224823
5423,19.120824756044705
5424,18.653600637320213
5425,15.4410490575111
5426,15.298401682752628
5427,14.638469473572563
5428,13.405018887974855
5429,18.205107649251822
5430,18.763786271086595
5431,16.31512555085897
5432,17.87173855876391
5433,16.656290238616013
5434,18.044524452893246
5435,15.53771988499915
5436,15.825028945164952
5437,17.714876760912222
5438,14.69476867981765
5439,13.639559351347248
5440,17.594185110745705
5441,14.317271656487453
5442,18.526354812516715
5443,18.3544405030496
5444,17.660416620478635
5445,17.48926272641903
5446,17.848910862589026
5447,15.71792031579164
5448,14.854478503276958
5449,18.20936626277286
5450,15.293222172124281
5451,16.36121205601218
5452,13.877077581246217
5453,18.849166767626397
5454,18.04225465895363
5455,15.72260813920539
5456,15.135358637749949
5457,15.950197300348773
5458,15.12909360033066
5459,15.956579632761924
5460,11.433199390868653
5461,11.611799290748841
5462,13.457423384243764
5463,19.99249222587602
5464,14.142695545077892
5465,14.92671423761261
5466,17.35250499046594
5467,17.579340408689358
5468,18.63666462611117
5469,4.157482648099622
5470,19.220251234005033
5471,18.282672699930654
5472,18.243849769884154
5473,17.04446331022991
5474,15.361845167097735
5475,15.590933614231698
5476,14.864899800840021
5477,16.67985029117723
5478,18.22964621339013
5479,18.249406721496406
5480,15.481648802458167
5481,14.731962562853935
5482,13.618461935939024
5483,16.04569327989476
5484,18.403358822782604
5485,15.382795124935392
5486,15.67440227264623
5487,19.863102423945836
5488,18.06068522129833
5489,16.654266617990423
5490,13.528250395289051
5491,17.08105304575503
5492,16.30428214837908
5493,15.459526688228296
5494,12.02030201066847
5495,16.79209112448043
5496,17.003328983424346
5497,16.701281681974756
5498,14.477207473803691
5499,18.322242882860383
5500,16.308982727733287
5501,15.920423898390744
5502,15.342258070689589
5503,15.253777187911727
5504,16.620872909009297
5505,13.533621774729966
5506,19.482147097336654
5507,17.336697454034333
5508,18.36479288482574
5509,18.369851422953708
5510,17.03181057998482
5511,14.505529312770081
5512,18.18016136741337
5513,14.241808716080188
5514,16.638509217259244
5515,13.20276445823238
5516,14.833701132332036
5517,19.166494059240364
5518,15.42572348493744
5519,18.761722787228074
5520,11.605183298761364
5521,16.54028492270553
5522,12.464625435855622
5523,20.040975825292456
5524,19.745590978110787
5525,17.308390389149853
5526,15.311605689896469
5527,11.187736059146143
5528,17.956983718678355
5529,13.483078183490601
5530,19.60472711887968
5531,14.731514122875899
5532,16.0445428423312
5533,18.214822319730345
5534,19.834886481434918
5535,14.300049164186095
5536,14.836191855755482
5537,15.379047705770036
5538,15.841544096027107
5539,18.923694003600136
5540,17.741820432113517
5541,18.49744138119578
5542,12.968586525759363
5543,15.115227720097723
5544,17.893328425084153
5545,12.176162261667475
5546,16.351362754745367
5547,15.515538350101465
5548,15.722564622554877
5549,17.973013972919297
5550,16.223130024794372
5551,16.633819810576355
5552,17.83217482982508
5553,17.25988777474995
5554,16.034312764038933
5555,16.863860140430198
5556,15.42259146386593
5557,14.794276768516017
5558,20.035887627476484
5559,14.547351740206384
5560,12.035628299961113
5561,16.56272299325174
5562,18.09288846238017
5563,13.17191585224268
5564,14.731897217062897
5565,15.841590682277312
5566,15.796566980830645
5567,16.878377743568503
5568,15.755671126851025
5569,17.619729203546974
5570,17.166567607905307
5571,18.471197940044068
5572,13.940578190778515
5573,18.807726317423466
5574,16.33338094588821
5575,18.389453932050426
5576,17.123777006099502
5577,16.828403200943324
5578,16.371436318572425
5579,15.616592275638403
5580,13.838344469172293
5581,15.81824151274616
5582,16.864995519685422
5583,18.03778629616194
5584,17.23341095589358
5585,14.151480191889432
5586,12.635157975375282
5587,17.142105690080697
5588,18.516719676730386
5589,18.12005354974982
5590,14.530561326850627
5591,15.219737147376462
5592,12.956224855474117
5593,15.7865857020972
5594,14.266054769866768
5595,17.27088970708144
5596,18.816739397852743
5597,15.385191840677601
5598,13.944444602872565
5599,15.740922784298693
5600,15.965996448482878
5601,17.291204344780738
5602,17.84845649550353
5603,13.412110526951716
5604,15.367323827604276
5605,18.802180082234823
5606,18.10906140388348
5607,17.191239231140614
5608,18.156606634217596
5609,15.214797459263444
5610,17.040831175578067
5611,17.14711184623278
5612,19.938115595971002
5613,16.335161235089863
5614,16.045758002471302
5615,17.7788666201055
5616,16.778667763902707
5617,19.372848811940315
5618,16.81446421713033
5619,17.692613723052858
5620,15.267297056889214
5621,17.371206529711568
5622,16.969631781950223
5623,15.927770868063467
5624,19.92572822900758
5625,14.442578837858344
5626,14.791517268823554
5627,18.328392498324856
5628,17.00746250371914
5629,19.39769025431768
5630,16.27960270176714
5631,17.561126803931742
5632,17.301039722161867
5633,15.733939971132962
5634,16.239334451790267
5635,18.286125857215996
5636,14.496260592749122
5637,16.139441761475027
5638,18.397327423573444
5639,14.854992839159298
5640,14.059229347991382
5641,17.57885005618758
5642,16.49622803940347
5643,16.16825246661653
5644,20.149283338692012
5645,17.603636015961275
5646,16.454028105857233
5647,16.23716230085469
5648,18.1894645674503
5649,14.235672237076448
5650,17.9409616887423
5651,17.21266426427149
5652,13.018034769863016
5653,17.758171756297976
5654,17.89860069494348
5655,16.3200281895833
5656,20.212287217699746
5657,11.5815485799099
5658,16.673561776243634
5659,16.089587557703695
5660,18.31107740125825
5661,15.525361308378404
5662,19.30410664407554
5663,15.037499621602512
5664,16.581388930007684
5665,17.901606420444264
5666,15.805147776527603
5667,17.069813943465512
5668,13.944381517836668
5669,14.245306518505721
5670,20.030599925829364
5671,17.32603910116184
5672,14.623507628274817
5673,17.999760673306895
5674,15.912811343916514
5675,12.539027965418704
5676,12.703873495970413
5677,18.589425737963914
5678,18.037343253029352
5679,14.649554176868735
5680,16.899070661886856
5681,20.157256167345153
5682,14.298245415649976
5683,19.559371113842804
5684,18.13312234175075
5685,16.61775529591193
5686,13.6948981337539
5687,17.83772398834898
5688,15.224008909328777
5689,17.03967647925973
5690,14.829993765861337
5691,17.634769364182144
5692,19.839394706077556
5693,16.092464307729884
5694,17.072418656504514
5695,13.767930128873163
5696,17.287731639435446
5697,12.782233706565176
5698,16.16231289551798
5699,13.776598665595099
5700,17.536786260185746
5701,16.226433208190578
5702,17.079239571808742
5703,17.296875421834255
5704,17.22899150299326
5705,15.070567378402904
5706,12.589711913749795
5707,16.641343983963427
5708,13.964156994606828
5709,14.971028240382815
5710,14.162192879932595
5711,14.625529839990522
5712,18.495910278980737
5713,16.391201561139958
5714,16.5692712706066
5715,14.090659569725382
5716,13.165712841554676
5717,15.432888911748897
5718,15.416253279122616
5719,16.537433240150754
5720,15.080848908381336
5721,18.14978234969694
5722,14.178182105418426
5723,16.239636217226902
5724,13.510306468119412
5725,14.01724130648217
5726,17.58193566984049
5727,18.740785970144913
5728,15.848776509380038
5729,18.975576300526072
5730,15.504691130424492
5731,11.931223183478073
5732,15.34186601782356
5733,13.529900449571514
5734,16.43391206710162
5735,16.393170256960506
5736,17.07123418840889
5737,16.896667480149578
5738,18.086132456409775
5739,16.59605280132796
5740,16.156243447932912
5741,17.6899184937732
5742,17.788737623770636
5743,17.093183464377436
5744,12.242406431498841
5745,14.537667564408059
5746,15.93807928730781
5747,14.346898445824097
5748,18.133154896182273
5749,16.735264490277444
5750,17.88770904383052
5751,17.572171565198985
5752,14.86136896549926
5753,19.5927094560499
5754,15.229204327010418
5755,18.209016523291385
5756,16.217937001553977
5757,14.739121742371042
5758,10.934240449630959
5759,16.829009520037246
5760,14.521074296860785
5761,11.456648098371256
5762,18.090242351605585
5763,18.289653143920887
5764,13.809762378346313
5765,17.182022104013694
5766,17.146675835911626
5767,16.62203104948121
5768,17.138546258579737
5769,18.975967204278245
5770,15.247500667789193
5771,16.578873996002777
5772,15.626345052892018
5773,19.575167612994445
5774,17.95265609981495
5775,17.1568138838544
5776,15.776900998445706
5777,18.684129064316714
5778,18.80222453351507
5779,19.065992012790463
5780,14.963208571437917
5781,17.931464898512132
5782,17.845839482357498
5783,18.06202910572728
5784,11.634418337890365
5785,18.35307614110592
5786,15.548757001768417
5787,18.814046319773126
5788,14.626813657651981
5789,17.319823325746544
5790,18.157444297895033
5791,18.143968626073782
5792,16.109628742821197
5793,15.56018576757618
5794,18.016226621131697
5795,18.146480099390427
5796,17.299112244781636
5797,17.173651265488843
5798,10.766995374576922
5799,19.376008233564356
5800,11.591780592160994
5801,16.254543358335674
5802,14.309648567107956
5803,15.011419226571553
5804,19.574422382031834
5805,16.559027287842515
5806,16.131031390456016
5807,17.668732279716743
5808,17.72331900705245
5809,15.005607256983916
5810,12.420423377191453
5811,14.19112527018483
5812,18.141925304454556
5813,18.00113130712846
5814,15.322481614702813
5815,14.652394329017522
5816,16.029751780547386
5817,13.702462864886767
5818,15.500659707451865
5819,16.480277397863006
5820,14.988164133212788
5821,13.020366463191195
5822,12.28170525445597
5823,17.843174422868447
5824,17.565512063341735
5825,16.022924481275226
5826,14.74887390671013
5827,11.565861866508287
5828,19.586834778725407
5829,17.654652218055528
5830,16.906734964357675
5831,17.40556768237035
5832,17.187740756029758
5833,16.916572383191696
5834,15.990726998923668
5835,12.084390695098032
5836,18.017672909607196
5837,15.90813834651296
5838,14.069049350392723
5839,17.87572228442444
5840,1.9975036273961804
5841,17.88813286655522
5842,17.103938113915255
5843,15.54433181080936
5844,15.294873634974893
5845,13.57565503104024
5846,15.595892174225428
5847,17.813409779455345
5848,17.50327015939688
5849,13.189723847931765
5850,17.25410643617794
5851,15.239258880485142
5852,15.981497741936572
5853,17.22877880880603
5854,17.062483995534837
5855,18.430786903176955
5856,15.628774763960967
5857,20.27440770936046
5858,12.276733688111312
5859,17.584481211914404
5860,18.2371793010763
5861,13.258141315757582
5862,14.067307353753716
5863,17.885182674532825
5864,19.789161971609648
5865,13.997185586947651
5866,15.27690961940195
5867,15.135775641135352
5868,15.759522742648235
5869,15.741188151005888
5870,11.991582995974651
5871,17.936784961455043
5872,18.880759841576374
5873,15.715692988266353
5874,13.67950458244835
5875,17.74668670536596
5876,16.465737952095502
5877,14.875995220034
5878,18.511238253878822
5879,14.32845644636161
5880,18.401010546502842
5881,17.477085140420783
5882,19.10424619244237
5883,16.58355395534038
5884,16.515350399265106
5885,16.13984158842993
5886,15.329789286526953
5887,16.84768388769516
5888,14.218630434273006
5889,13.794093468690816
5890,18.197807976944112
5891,16.366321830390344
5892,14.244533539804445
5893,15.004694610749622
5894,18.125298276918404
5895,16.872242171507096
5896,18.1086965370048
5897,12.198379752529963
5898,17.370161728000625
5899,14.15202868950239
5900,15.83287008239827
5901,12.581749282755032
5902,16.472221145917885
5903,17.315917162073312
5904,17.13079214416533
5905,16.911740281865697
5906,17.940004501632743
5907,14.612349830313862
5908,17.653794008129502
5909,14.869899632402808
5910,14.618425519523191
5911,14.28950658199924
5912,19.27818615165693
5913,17.57794847551313
5914,16.751877502533826
5915,15.390789773845832
5916,18.097809962013038
5917,18.721728407010218
5918,18.037918330087322
5919,16.827873732619402
5920,14.393748785609327
5921,16.741612852015834
5922,15.139384433925331
5923,13.91261038362051
5924,14.464605260090702
5925,19.866421800026945
5926,12.129734017845603
5927,13.038763601782378
5928,16.860531919195747
5929,13.530928415070619
5930,17.63256835920752
5931,16.217148290550533
5932,12.777605124899056
5933,15.9099310246601
5934,17.53148187660453
5935,18.95275907397645
5936,18.479305962496195
5937,13.395731841990948
5938,16.324480282651997
5939,15.994564220983666
5940,17.639187398796587
5941,14.965661832388948
5942,18.003448535050044
5943,15.856690373153844
5944,17.522164717843765
5945,15.97995087203664
5946,13.201390577958753
5947,12.826520789460265
5948,18.42600013524652
5949,14.809896610183168
5950,18.908854199402903
5951,17.321204384422977
5952,15.313021766551158
5953,18.73885543659239
5954,15.967135214751199
5955,16.072547946181036
5956,17.10441339322464
5957,17.496333475112436
5958,18.126458965397365
5959,13.294832709085037
5960,10.646459340550889
5961,14.307368056850976
5962,14.276800046437288
5963,17.032344667005642
5964,17.944150956070867
5965,16.321120301444736
5966,17.264767213668836
5967,19.701478557942504
5968,17.538124311940592
5969,17.466268761460764
5970,16.751930358058406
5971,14.162551566567274
5972,14.68570023142933
5973,17.996015723104602
5974,14.270343426204613
5975,16.21034783002485
5976,14.35037377430481
5977,11.046257687925454
5978,20.10783569137647
5979,14.545668083412707
5980,19.048187550857993
5981,14.891326268103471
5982,18.68281857020003
5983,14.035561842377577
5984,17.009694718071238
5985,18.08034689160184
5986,13.033227981957033
5987,13.694227618043858
5988,17.1643480850653
5989,13.224297055812919
5990,18.38014253660266
5991,13.836945009696533
5992,16.432793485459626
5993,17.064353524059523
5994,13.963213215262963
5995,16.707848467536344
5996,17.06423299462498
5997,16.077102325148232
5998,18.937145911586025
5999,13.554588114960623
6000,14.457967166878824
